64:e8:33:85:7c:94,8b802092-864d-4d34-b21b-d55193d122fc,one
64:e8:33:84:05:b8,36d6d359-a4e2-487d-93ec-a9f1e5b3af24,two
24:ec:4a:c9:73:58,ccbe4704-811e-4d1b-94a1-c4fbbdae7fdf,three
24:ec:4a:c9:70:20,7eb49397-670f-4a0a-b366-c83ec9391474,four
64:e8:33:84:43:e0,3ce5e5c3-efd3-4195-8900-12d61d5e1f03,five
64:e8:33:85:89:80,9C9301BC-88FE-4635-87AC-B3770170FB16,six
24:ec:4a:c9:73:3c,7589d718-83ad-42cb-adcb-a6b5ec998a79,seven
64:e8:33:85:60:14,97a2e9fc-3f11-45d1-85ef-60772fc56046,eight
24:ec:4a:c9:6f:d0,0dac3058-4c86-40c8-bd09-91f9614af773,nine
64:e8:33:84:59:88,82852da2-1e51-499b-a6ab-9e09240c5278,ten
64:e8:33:84:43:ac,24bd9d0c-c160-40bb-a3bc-b4ffb62781fd,eleven
24:ec:4a:c9:6e:d0,3b8144dd-5f6d-4e80-beae-26871893339a,twelve
24:ec:4a:c9:5b:24,243b4c6d-ee92-4289-9203-bcedd755dd9e,thirteen
64:e8:33:84:83:c8,da4d6bb6-b35e-44c7-a10d-2fd7471c89ba,fourteen
64:e8:33:86:a7:9c,abf926f4-36a0-4d93-b9f0-5332e5f9bed4,fifteen
64:e8:33:84:52:44,697f7ad2-89e1-4dc8-af3e-e8bfbd6e656b,sixteen
64:e8:33:87:20:5c,7d0c4ba5-a47a-48d0-b8a0-b5a053261877,seventeen
64:e8:33:87:2d:9c,405dd89c-c6dd-445d-b671-79f9857e0a02,eighteen
64:e8:33:85:64:f0,61cd45cf-0997-42fd-b359-61aff0baa234,nineteen
24:ec:4a:c9:6f:20,eff8eb4c-9edb-475a-8bb8-3209556106a6,twenty
64:e8:33:86:c6:84,7bda13ee-b687-4869-a35d-e60b65cdbc49,twenty-one
24:ec:4a:c9:71:d0,cb9ca020-1f89-4882-8d99-766bc9571593,twenty-two
24:ec:4a:c9:70:6c,a490d6c6-5929-45a2-979c-52c2410eafcc,twenty-three
64:e8:33:86:c6:9c,152d1060-5c7f-4323-b83c-b29b668a48c1,twenty-four
64:e8:33:86:c6:d0,f04d7547-bed9-45a8-bc16-be3224081d97,twenty-five
24:ec:4a:c9:6b:78,4b84a385-6797-49c2-981a-41fc7d231a08,twenty-six
64:e8:33:83:cf:48,0b79e801-0eff-450d-876e-28bd206f4284,twenty-seven
64:e8:33:86:cb:ac,49f6977d-2058-4926-8c4c-1201478eaa8a,twenty-eight
64:e8:33:84:50:34,23a5e65a-bc18-4d3f-8a0a-333e47cae152,twenty-nine
64:e8:33:84:dd:c4,be16ec6b-02f9-4aaa-9b6b-911420c30b2f,thirty
64:e8:33:85:85:74,9901aba9-2718-497a-a1b7-c7c85c0d9382,thirty-one
64:e8:33:85:94:a0,edc11a7d-02a9-420a-a7fa-2b1623285869,thirty-two
64:e8:33:84:3c:14,18246759-e694-4d81-a0f6-e9d1ef888e66,thirty-three
24:ec:4a:c9:70:d0,34c18d54-c867-428e-bdcf-d734de56296f,thirty-four
64:e8:33:84:34:20,33d4a59e-5983-4b47-83ea-5adb5b34d7d0,thirty-five
24:ec:4a:c9:73:50,58c8053a-744c-4468-9636-0f6dc8a0dc3c,thirty-six
64:e8:33:85:6f:60,8430626d-83bd-4739-840e-7a1496976bcf,thirty-seven
64:e8:33:85:5e:08,3ea0d093-dfb9-4ca7-8bf7-d1705b980b2e,thirty-eight
64:e8:33:87:34:bc,12cd8b50-8e55-4112-b20d-9a9db72c423b,thirty-nine
24:ec:4a:c9:6c:c8,484015eb-cd3e-489c-835c-eeaa72b41932,forty
64:e8:33:85:58:d8,9ce71be0-eec5-4445-a2cc-22a387a14b69,forty-one
64:e8:33:84:f7:04,0fc4d096-1634-4b43-b62b-25ebd1bbf9fc,forty-two
64:e8:33:83:fe:18,1fbfbb83-b1af-4a5e-b49f-cacefb9d21dd,forty-three
24:ec:4a:c9:6c:60,436196ed-8002-4757-a1f2-4d7ee2c6a2c3,forty-four
64:e8:33:84:3d:68,c9f71cd1-b576-4c12-914f-f3677eb21708,forty-five
64:e8:33:85:69:5c,e31128d1-5db2-4d0c-9c82-e52298f2e78b,forty-six
64:e8:33:85:5e:a0,46346691-a66d-4a3e-9071-01a90c52c00e,forty-seven
64:e8:33:84:64:b8,dc3d3966-4e5a-4f65-bc76-6d4d841ace26,forty-eight
64:e8:33:86:c6:88,829717a7-b274-449a-acf5-f5c5c9461dc7,forty-nine
64:e8:33:84:26:c4,afb72f15-f671-4513-88a2-ac580a5e940e,fifty
64:e8:33:87:52:d0,b48cfa68-6e8b-4136-91f2-83cc24ed9007,fifty-one
64:e8:33:87:2f:84,9555e9a1-ac1a-40e5-857c-fa4f090258f8,fifty-two
64:e8:33:86:1d:10,e270eefd-b761-43c2-880c-2365059b9948,fifty-three
64:e8:33:87:24:bc,0965b776-eaca-4ac6-870c-4b4d9f7b6362,fifty-four
24:ec:4a:c9:70:c8,61dfeef1-99e1-4884-99b7-26813af6da94,fifty-five
64:e8:33:84:df:ac,a248532c-b694-40a0-977f-8298053a2707,fifty-six
64:e8:33:85:91:40,3863ac5c-7242-4272-be68-8d8c6dac856a,fifty-seven
64:e8:33:84:54:d4,7c091550-2d97-4ab2-abd7-641777d7c8cc,fifty-eight
24:ec:4a:c9:6a:50,5b499b17-eac2-46a3-8c8e-6fa867bcb689,fifty-nine
64:e8:33:85:60:6c,5a20cd3d-36e9-4ddd-acd0-64e214d08140,sixty
